Marca,Modelo,Precio Promedio
Audi,RS7 2015-2019 Sportback Performance,8900000.0
Mercedes-Benz,S-Class S 350d Connoisseurs Edition,8150000.0
Mercedes-Benz,GLS 2016-2020 350d 4MATIC,5500000.0
BMW,X5 xDrive 30d xLine,4950000.0
Audi,A5 Sportback,4700000.0
Mercedes-Benz,E-Class Exclusive E 200 BSIV,4500000.0
Volvo,XC 90 D5 Inscription BSIV,4500000.0
Mercedes-Benz,GL-Class 350 CDI Blue Efficiency,4400000.0
Land,Rover Range Rover 4.4 Diesel LWB Vogue SE,4200000.0
Land,Rover Discovery Sport TD4 HSE 7S,4000000.0
BMW,7 Series Signature 730Ld,4000000.0
Land,Rover Discovery S 2.0 SD4,4000000.0
BMW,5 Series 520d Luxury Line,3850000.0
Mercedes-Benz,C-Class Progressive C 220d,3800000.0
Audi,Q5 3.0 TDI Quattro Technology,3666000.0
Land,Rover Discovery Sport SD4 HSE Luxury,3500000.0
Audi,A4 35 TDI Premium Plus,3256000.0
Audi,A4 30 TFSI Technology,3100000.0
BMW,3 Series GT Luxury Line,3050000.0
Toyota,Fortuner 2.8 2WD AT BSIV,2933333.3333333335
Toyota,Fortuner 2.8 4WD AT BSIV,2866666.6666666665
Audi,A8 4.2 TDI,2800000.0
Ford,Endeavour 2.2 Titanium AT 4X2,2800000.0
Mahindra,Alturas G4 4X2 AT BSIV,2700000.0
Ford,Endeavour Titanium Plus 4X4,2662500.0
Audi,Q3 35 TDI Quattro Technology,2637500.0
BMW,X1 sDrive 20d xLine,2620000.0
Jaguar,XJ 5.0 L V8 Supercharged,2550000.0
Toyota,Fortuner 4x2 AT,2538076.923076923
Mercedes-Benz,M-Class ML 350 CDI,2500000.0
Mercedes-Benz,E-Class E250 CDI Blue Efficiency,2500000.0
Toyota,Fortuner 2.7 2WD AT,2500000.0
Mercedes-Benz,New C-Class C 220 CDI Grand Edition,2490000.0
Ford,Endeavour 3.2 Titanium AT 4X4,2446428.5714285714
Land,Rover Range Rover Evoque 2.2L Dynamic,2349000.0
Audi,A4 35 TDI Premium,2300000.0
BMW,3 Series 320d Luxury Line,2216666.6666666665
Jaguar,XF 5.0 Litre V8 Petrol,2050000.0
Audi,Q5 2.0 TDI,2013333.3333333333
Mercedes-Benz,New C-Class C 220 CDI BE Avantgare,2000000.0
Volvo,XC60 D5 Inscription,2000000.0
Volvo,V40 D3 R Design,1975000.0
Jaguar,XF 2.2 Litre Luxury,1964999.0
Toyota,Camry 2.5 Hybrid,1900000.0
Jaguar,XF 3.0 Litre S Premium Luxury,1900000.0
Toyota,Camry Hybrid 2.5,1900000.0
MG,Hector Smart AT,1860000.0
Audi,Q5 2.0 TFSI Quattro Premium Plus,1850000.0
Mahindra,XUV500 W11 Option AT AWD,1850000.0
Toyota,Innova Crysta 2.4 VX MT 8S BSIV,1833333.3333333333
MG,Hector Sharp Diesel MT BSIV,1825000.0
Toyota,Fortuner 4x2 Manual,1800000.0
Toyota,Innova Crysta 2.4 VX MT,1800000.0
Honda,CR-V Diesel 4WD,1800000.0
Toyota,Innova Crysta 2.8 ZX AT BSIV,1750000.0
Volvo,XC60 D3 Kinetic,1750000.0
BMW,3 Series 320d Sport,1745000.0
Audi,A6 2.0 TDI Design Edition,1745000.0
Toyota,Innova Crysta 2.4 GX AT,1725000.0
Toyota,Innova Crysta 2.4 GX MT 8S BSIV,1700000.0
Toyota,Corolla Altis 1.8 VL CVT,1650000.0
Hyundai,Tucson 2.0 e-VGT 2WD MT,1650000.0
Tata,Harrier XZ BSIV,1600000.0
Tata,Hexa XT 4X4,1600000.0
Hyundai,Tucson 2.0 e-VGT 2WD AT GL,1600000.0
Mahindra,XUV500 W11 AT BSIV,1600000.0
Jeep,Compass 2.0 Longitude Option BSIV,1595000.0
Toyota,Innova Crysta 2.4 VX MT BSIV,1585000.0
Audi,A4 3.0 TDI Quattro,1580000.0
BMW,7 Series 730Ld,1575000.0
Hyundai,Elantra 2.0 SX AT,1575000.0
BMW,3 Series 320d Sport Line,1550000.0
Audi,A4 New 2.0 TDI Multitronic,1549000.0
Audi,Q3 2.0 TDI Quattro Premium Plus,1512500.0
Isuzu,D-Max V-Cross Standard,1500000.0
Toyota,Corolla Altis 1.8 GL,1500000.0
BMW,X1 sDrive20d M Sport,1485000.0
Hyundai,Creta 1.6 VTVT AT SX Plus,1475000.0
Mercedes-Benz,New C-Class 220 CDI AT,1462500.0
Mercedes-Benz,E-Class E250 Edition E,1451000.0
Mahindra,XUV500 W11 Option AWD,1400000.0
Jeep,Compass 1.4 Sport Plus BSIV,1400000.0
Mahindra,XUV500 W7 AT BSIV,1400000.0
Mahindra,Scorpio S11 BSIV,1396000.0
Mercedes-Benz,New C-Class C 220 CDI Avantgarde,1375000.0
BMW,X1 sDrive 20d Exclusive,1375000.0
Mahindra,XUV500 W10 2WD,1360000.0
Toyota,Innova Crysta 2.8 GX AT BSIV,1350000.0
Mahindra,Scorpio S9 BSIV,1350000.0
Nissan,Kicks XV Premium D BSIV,1350000.0
Volkswagen,Vento 1.5 TDI Highline BSIV,1350000.0
Ford,EcoSport 1.5 TDCi Titanium Plus BSIV,1334000.0
Ford,Ecosport Thunder Edition Diesel,1331000.0
Toyota,Innova Crysta 2.4 ZX MT,1330000.0
Audi,A6 2.0 TDI Premium Plus,1326153.8461538462
Mahindra,XUV500 AT W10 FWD,1325000.0
Mahindra,XUV500 AT W6 2WD,1300000.0
Kia,Seltos HTK Plus AT D,1300000.0
Toyota,Innova Crysta 2.4 G MT BSIV,1300000.0
Mahindra,Marazzo M8 8Str,1300000.0
Audi,A4 2.0 TDI,1295000.0
Mahindra,XUV500 W7 BSIV,1275000.0
Toyota,Fortuner 3.0 Diesel,1257500.0
Tata,Hexa XTA,1250000.0
Audi,Q7 35 TDI Quattro Premium,1250000.0
Honda,BRV i-DTEC V MT,1250000.0
Audi,A8 L 3.0 TDI quattro,1250000.0
Ford,Ecosport 1.5 Diesel Titanium Plus,1250000.0
Mahindra,XUV500 W10 AWD,1225000.0
BMW,5 Series 525d Sedan,1200000.0
Toyota,Fortuner 4x4 MT,1200000.0
Honda,City i-VTEC ZX,1200000.0
Hyundai,Creta 1.6 SX,1200000.0
Audi,A4 1.8 TFSI,1200000.0
Mahindra,Scorpio S5 BSIV,1200000.0
Hyundai,Creta 1.6 CRDi SX Option,1186666.6666666667
Hyundai,Verna CRDi 1.6 SX Option,1177857.142857143
Honda,City i-VTEC CVT ZX,1176666.6666666667
Mahindra,XUV500 AT W10 AWD,1159999.5
Hyundai,Creta 1.6 SX Automatic Diesel,1150000.0
Audi,A4 2.0 TDI 177 Bhp Premium Plus,1150000.0
Mahindra,XUV300 W8 Option,1150000.0
Mahindra,XUV500 AT W10 1.99 mHawk,1150000.0
Mahindra,XUV500 W7,1150000.0
Toyota,Corolla Altis GL MT,1150000.0
Mahindra,XUV500 W10 1.99 mHawk,1147499.5
Tata,Hexa XT,1133333.3333333333
Skoda,Octavia Elegance 2.0 TDI AT,1125000.0
Maruti,Ertiga ZDI Plus,1100000.0
Ford,Ecosport Sports Petrol,1100000.0
Mercedes-Benz,B Class B180 Sports,1100000.0
Ford,Ecosport 1.5 Petrol Titanium Plus,1100000.0
Hyundai,Verna CRDi 1.6 AT EX,1100000.0
Mahindra,Scorpio S7 140 BSIV,1100000.0
Mahindra,Xylo H8 ABS with Airbags,1100000.0
Volkswagen,Vento 1.5 TDI Highline Plus AT BSIV,1100000.0
Nissan,Kicks XL D BSIV,1100000.0
Audi,Q5 2.0 TFSI Quattro,1100000.0
Hyundai,Verna CRDi 1.6 AT SX Option,1100000.0
Hyundai,Venue SX Opt Diesel,1097500.0
Toyota,Innova 2.5 VX (Diesel) 8 Seater,1097142.857142857
Hyundai,Creta 1.6 SX Option,1083333.3333333333
Tata,Hexa XM,1083333.0
Honda,BR-V i-DTEC VX MT,1067600.0
Mitsubishi,Pajero Sport 4X4,1057500.0
Honda,BR-V i-VTEC VX MT,1052666.6666666667
Hyundai,Venue SX Opt Turbo BSIV,1050000.0
Hyundai,Verna VTVT 1.6 AT SX Option,1050000.0
Mahindra,XUV500 W5 BSIV,1050000.0
Hyundai,Verna 1.6 CRDi AT SX,1050000.0
Hyundai,Creta 1.4 EX Diesel,1050000.0
Hyundai,Creta 1.6 CRDi SX Plus,1049750.0
Honda,City i-DTEC V,1044999.0
Hyundai,Creta 1.6 CRDi AT SX Plus,1037000.0
Hyundai,Creta 1.6 SX Automatic,1035000.0
Honda,City i-VTEC VX,1033333.3333333334
Ford,Ecosport 1.5 Petrol Trend,1030000.0
Honda,City i-DTEC ZX,1025000.0
Nissan,Terrano XL Plus ICC WT20 SE,1000000.0
Renault,Captur 1.5 Diesel RXT Mono,1000000.0
Mercedes-Benz,E-Class 230,1000000.0
Mahindra,XUV500 W6 1.99 mHawk,1000000.0
Mahindra,XUV300 W8 Option Diesel BSIV,1000000.0
Hyundai,Santa Fe 4WD AT,1000000.0
Toyota,Innova 2.5 GX 7 STR BSIV,1000000.0
Honda,City i-DTEC VX,1000000.0
Mercedes-Benz,E-Class E250 CDI Elegance,999000.0
Toyota,Innova 2.5 Z Diesel 7 Seater BS IV,998333.0
Ford,EcoSport 1.5 Ti VCT MT Titanium BE BSIV,984500.0
Maruti,Vitara Brezza ZDi Plus Dual Tone,980000.0
Tata,Safari Storme VX Varicor 400,977499.5
Toyota,Innova 2.5 VX (Diesel) 7 Seater,970000.0
Hyundai,Verna 1.6 CRDI SX Option,970000.0
Honda,City i DTec V,950000.0
Hyundai,Creta 1.4 CRDi S Plus,950000.0
Volkswagen,Polo GT 1.0 TSI,950000.0
Toyota,Innova 2.5 G1 BSIV,950000.0
Maruti,S-Cross Delta DDiS 200 SH,950000.0
Maruti,Vitara Brezza ZDi Plus AMT Dual Tone,950000.0
Mahindra,Marazzo M4,950000.0
Maruti,Ertiga ZXI AT Petrol,950000.0
Ford,Endeavour 3.0L 4X4 AT,950000.0
Maruti,Ertiga SHVS ZDI Plus,946666.6666666666
Skoda,Rapid 1.5 TDI Ambition BSIV,940000.0
Volkswagen,Jetta 1.9 TDI Trendline,940000.0
Hyundai,Verna CRDi 1.6 SX,933333.3333333334
Maruti,Ciaz Zeta BSIV,925000.0
Hyundai,Creta 1.4 CRDi Base,925000.0
Ford,EcoSport 1.5 TDCi Titanium Plus BE BSIV,925000.0
Honda,City i VTEC VX,919999.0
Maruti,S-Cross Alpha DDiS 200 SH,913333.3333333334
Toyota,Corolla Altis G AT,900000.0
Mahindra,Thar CRDe ABS,900000.0
Mahindra,Marazzo M2 8Str,900000.0
Mercedes-Benz,E-Class 280 CDI,900000.0
Skoda,Rapid 1.6 MPI AT Ambition BSIV,900000.0
Honda,WR-V i-DTEC V,900000.0
Honda,BR-V i-VTEC S MT,900000.0
Ford,Figo Aspire Titanium Plus Diesel,894999.0
Maruti,Vitara Brezza ZDi Plus,891999.8
Mahindra,Scorpio S6 Plus 7 Seater,890000.0
Volkswagen,Vento 1.5 TDI Highline Plus AT,890000.0
Maruti,Vitara Brezza ZDi Plus AMT,887500.0
Maruti,Ciaz 1.4 Alpha,876666.6666666666
Ford,Ecosport 1.5 Petrol Titanium Plus AT,875000.0
Hyundai,Verna CRDi 1.6 EX,866333.3333333334
Mahindra,XUV500 AT W8 FWD,865000.0
Hyundai,Creta 1.6 VTVT S,862500.0
Tata,Nexon 1.5 Revotorq XZ,862500.0
Skoda,Rapid 1.5 TDI AT Style BSIV,860000.0
Mahindra,Scorpio BSIV,853500.0
Ford,Freestyle Titanium Plus,852000.0
Mercedes-Benz,E-Class E 200 CGI Elegance,850000.0
Skoda,Rapid Monte Carlo 1.6 MPI AT BSIV,850000.0
Toyota,Yaris G,850000.0
Mahindra,Thar CRDe,850000.0
Mahindra,TUV 300 Plus P4,850000.0
Mahindra,Xylo H4 ABS,850000.0
Maruti,Ciaz S 1.3,850000.0
Hyundai,Creta 1.6 E Plus,850000.0
Audi,A6 2.7 TDI,850000.0
Honda,City VX CVT,850000.0
Toyota,Innova 2.5 G (Diesel) 7 Seater,846999.9
Maruti,Vitara Brezza ZDi,845000.0
Nissan,Terrano XL P,844999.0
Honda,Amaze V Diesel BSIV,844999.0
Toyota,Innova 2.5 GX (Diesel) 7 Seater,843333.3333333334
Volkswagen,Polo GTI,837500.0
Tata,Altroz XZ,830000.0
Mahindra,Scorpio S2 9 Seater,830000.0
Ford,EcoSport 1.5 Diesel Titanium BSIV,830000.0
Honda,City Edge Edition Diesel SV,830000.0
Maruti,Baleno Alpha CVT,825000.0
Renault,Captur 1.5 Diesel RXT,825000.0
Mitsubishi,Pajero 2.8 SFX BSIV Dual Tone,825000.0
Honda,WR-V i-DTEC VX,823000.0
Hyundai,Creta 1.6 Gamma SX Plus,821000.0
Toyota,Innova 2.5 VX (Diesel) 7 Seater BS IV,819999.0
Hyundai,Elite i20 Diesel Asta Option,817499.5
Toyota,Innova 2.5 G (Diesel) 8 Seater,815375.0
Honda,City V MT,815000.0
Ford,EcoSport 1.5 Diesel Titanium Plus BSIV,813888.8888888889
Ford,Freestyle Titanium,811999.0
Maruti,Swift Dzire ZXI Plus,805000.0
Ford,Ecosport 1.5 Diesel Titanium,803333.3333333334
Volkswagen,Polo 1.0 TSI Highline Plus,802000.0
Tata,Nexon 1.5 Revotorq XM,800000.0
Toyota,Innova 2.5 GX 7 STR,800000.0
Ford,EcoSport 1.5 Petrol Titanium BSIV,800000.0
Hyundai,Creta 1.4 E Plus,800000.0
Hyundai,Santa Fe 4X4,800000.0
Ford,Fiesta 1.5 TDCi Ambiente,800000.0
Ford,Ecosport 1.5 DV5 MT Trend,800000.0
Mahindra,TUV 300 mHAWK100 T8,800000.0
Maruti,Ertiga VXI Petrol,800000.0
Maruti,Ertiga BSIV VXI AT,800000.0
Maruti,Ciaz Sigma BSIV,800000.0
Maruti,S-Cross Facelift,800000.0
Mahindra,Bolero B4,800000.0
Hyundai,Elite i20 Asta Option BSIV,800000.0
Hyundai,Verna VTVT 1.6 SX,800000.0
Toyota,Innova 2.5 VX 8 STR,796666.6666666666
Mercedes-Benz,E-Class 280 CDI Elegance,795000.0
Honda,WR-V i-VTEC VX,793750.0
Volkswagen,Jetta 2.0L TDI Highline,790000.0
Ford,EcoSport 1.5 Diesel Ambiente BSIV,790000.0
Hyundai,i20 1.4 Asta Option,784666.6666666666
Honda,Amaze VX Diesel BSIV,784000.0
Mahindra,TUV 300 T10 Dual Tone,784000.0
Maruti,Ertiga SHVS ZDI,783000.0
Hyundai,Creta 1.4 CRDi S,780000.0
BMW,X1 sDrive20d,780000.0
Mahindra,Scorpio VLX 2.2 mHawk Airbag BSIV,780000.0
Maruti,S-Cross Zeta DDiS 200 SH,776071.4285714285
Maruti,Ertiga 1.5 VDI,775000.0
Ford,EcoSport 1.5 Diesel Trend BSIV,770500.0
Tata,Nexon 1.2 Revotron XZ Plus Dual Tone,770000.0
Toyota,Corolla Altis D-4D J,770000.0
Ford,Aspire Titanium Plus Diesel BSIV,768499.5
Ford,Freestyle Titanium Diesel,767000.0
Mahindra,Bolero Power Plus ZLX,765000.0
Mahindra,XUV500 W6 2WD,764285.7142857143
Mahindra,Scorpio 1.99 S10,760000.0
Hyundai,Verna 1.6 VTVT SX,760000.0
Maruti,Vitara Brezza VDi,757250.0
Ford,Freestyle Titanium Plus Diesel,750000.0
Ford,EcoSport 1.5 Ti VCT MT Titanium BSIV,750000.0
Honda,City i-VTEC CVT VX,750000.0
Ford,EcoSport 1.5 Petrol Titanium Plus AT BSIV,750000.0
Renault,Koleos 2.0 Diesel,750000.0
Skoda,Rapid 1.5 TDI AT Ambition BSIV,750000.0
Maruti,Ciaz 1.3 Delta,750000.0
Mitsubishi,Montero 3.2 MT,750000.0
Maruti,Ciaz ZDi Plus SHVS,749666.6666666666
Ford,Figo 1.5P Titanium AT,742500.0
Hyundai,i20 1.2 Asta Dual Tone,740000.0
Toyota,Innova 2.5 V Diesel 7-seater,740000.0
Maruti,Ertiga SHVS VDI,738500.0
Hyundai,Elite i20 Sportz Plus CVT BSIV,738000.0
Mahindra,Scorpio 1.99 S6 Plus,735000.0
Volkswagen,Jetta 2.0L TDI Highline AT,735000.0
Hyundai,i20 Active 1.4 SX,734999.5
Hyundai,Elite i20 Magna Plus Diesel,730000.0
Mahindra,TUV 300 T8 AMT,730000.0
Hyundai,Verna 1.6 VTVT AT S Option,730000.0
Honda,Amaze V CVT Petrol BSIV,725000.0
Toyota,Innova 2.5 VX 8 STR BSIV,725000.0
Mahindra,Scorpio S2 7 Seater,725000.0
Honda,Jazz 1.2 VX i VTEC,724000.0
Volkswagen,Vento 1.5 TDI Highline AT,724000.0
Maruti,Swift Dzire VDI Optional,722500.0
Tata,Nexon 1.2 Revotron XZ Plus,715000.0
Maruti,Ciaz VDI SHVS,712500.0
Maruti,Ciaz ZXi Plus,712500.0
Maruti,Baleno Zeta,712500.0
Ford,EcoSport 1.5 TDCi Titanium BSIV,711500.0
Maruti,Swift Dzire AMT ZXI Plus BS IV,710000.0
Volkswagen,Vento 1.5 Highline Plus AT 16 Alloy,710000.0
Ford,EcoSport 1.5 Diesel Trend Plus BSIV,710000.0
Maruti,Baleno Alpha 1.3,709500.0
Maruti,Swift Dzire AMT VDI,707500.0
Mahindra,XUV500 W8 2WD,705136.3636363636
Mahindra,TUV 300 T4 Plus,705000.0
Toyota,Etios 1.4 VXD,705000.0
Volkswagen,Jetta 2.0L TDI Comfortline,705000.0
Maruti,Vitara Brezza VDi Option,703750.0
Maruti,Baleno Zeta Automatic,700000.0
Honda,Jazz 1.5 E i DTEC,700000.0
Maruti,Ertiga SHVS LDI Option,700000.0
Mahindra,Thar DI 4X4 PS,700000.0
Ford,Freestyle Titanium Diesel BSIV,700000.0
Hyundai,Elantra SX,700000.0
Maruti,Vitara Brezza LDi,700000.0
Renault,Duster 110PS Diesel RxZ AWD,700000.0
Honda,Jazz 1.5 V i DTEC,700000.0
Maruti,Baleno Alpha,700000.0
Hyundai,Grand i10 Nios Magna CRDi,700000.0
Maruti,Ignis 1.2 AMT Alpha BSIV,700000.0
Hyundai,Elite i20 Petrol Asta Option,700000.0
Mahindra,XUV500 W8 4WD,699444.4444444445
Hyundai,i20 Active 1.4 SX with AVN,699000.0
Mercedes-Benz,New C-Class 200 CDI Classic,699000.0
Honda,Amaze VX i-VTEC,696250.0
Maruti,Ciaz ZDi Plus,695500.0
Mahindra,TUV 300 T10,695000.0
Hyundai,Creta 1.6 CRDi SX,694157.8421052631
Maruti,Ciaz ZDi SHVS,692500.0
Hyundai,Verna 1.6 CRDi SX,691666.6666666666
Hyundai,Elite i20 Asta Option CVT BSIV,691666.6666666666
Ford,Figo Titanium,690500.0
Honda,City i-VTEC SV,690000.0
Honda,Amaze VX Petrol BSIV,690000.0
Maruti,S-Cross Sigma DDiS 200 SH,690000.0
Hyundai,i20 1.4 Sportz,689166.6666666666
Mahindra,Scorpio S10 7 Seater,686666.6666666666
Maruti,Swift ZDI,685000.0
Maruti,Vitara Brezza LDi Option,685000.0
Maruti,Ciaz ZXi,683333.3333333334
Nissan,Terrano XV Premium 110 PS,683333.3333333334
Maruti,Ciaz VDi Plus SHVS,683000.0
Ford,Freestyle Titanium Plus Diesel BSIV,680500.0
Maruti,Ciaz 1.4 Zeta,680000.0
Volkswagen,Ameo 1.5 TDI Highline,680000.0
Mahindra,TUV 300 T8,680000.0
Hyundai,Elite i20 Sportz Plus Dual Tone BSIV,675000.0
Maruti,SX4 S Cross DDiS 320 Zeta,675000.0
Maruti,Baleno Zeta 1.3,675000.0
Mahindra,Bolero Power Plus SLX,674076.9230769231
Honda,City i VTEC V,673571.4285714285
Tata,Safari Storme EX,670000.0
Maruti,Swift ZXI BSIV,670000.0
Ford,Aspire Titanium Plus BSIV,666000.0
Toyota,Innova 2.5 E Diesel MS 7-seater,665000.0
Volkswagen,Ameo 1.5 TDI Highline Plus 16,660000.0
Honda,Mobilio E i DTEC,660000.0
Volkswagen,Polo 2015-2019 1.2 MPI Highline,660000.0
Renault,Lodgy 85PS RxL,656250.0
Maruti,Swift Dzire ZXI 1.2 BS IV,655000.0
Honda,City i DTEC SV,655000.0
Ford,Ecosport 1.5 Petrol Ambiente,650000.0
Nissan,Terrano XL,650000.0
Hyundai,Elite i20 Diesel Era,650000.0
Toyota,Camry M/t,650000.0
Maruti,Ciaz 1.4 Delta,650000.0
Ford,Ecosport 1.0 Ecoboost Platinum Edition BSIV,650000.0
Honda,Jazz V,650000.0
Toyota,Etios Liva 1.2 VX,650000.0
Fiat,Avventura Urban Cross 1.3 Multijet Emotion,650000.0
Maruti,Baleno Delta 1.3,650000.0
Ford,Freestyle Trend Petrol BSIV,650000.0
Ford,EcoSport 1.5 Ti VCT MT Trend BSIV,650000.0
Hyundai,Elantra CRDi SX,650000.0
Skoda,Superb LK 1.8 TSI AT,650000.0
Skoda,Yeti Ambition 4X2,650000.0
Ford,Aspire Titanium Diesel BSIV,650000.0
Renault,Lodgy Stepway 85PS RXZ 8S,650000.0
Volkswagen,Vento Celeste 1.5 TDI Highline AT,650000.0
Hyundai,i20 Active S Diesel,650000.0
Nissan,Evalia XV,650000.0
Audi,A6 2.8 FSI,650000.0
Ford,Figo 1.2P Titanium MT,650000.0
Honda,Jazz 1.5 VX i DTEC,646222.2222222222
Hyundai,Elite i20 Sportz Plus BSIV,640333.3333333334
Honda,City i DTEC VX,640000.0
Hyundai,Grand i10 Nios AMT Magna,640000.0
Skoda,Rapid 1.6 MPI Ambition With Alloy Wheel,640000.0
Hyundai,Elantra CRDi S,637500.0
Maruti,Ertiga ZXI,635000.0
Mahindra,Scorpio VLX 2WD BSIV,634000.0
Maruti,Baleno Zeta 1.2,633500.0
Mahindra,Scorpio S4 4WD,633333.3333333334
Mahindra,TUV 300 T4,630000.0
Hyundai,i20 1.2 Asta Option,630000.0
Mahindra,Bolero Power Plus SLE,630000.0
Ford,Aspire Titanium BSIV,629499.5
Hyundai,i20 Active 1.2 SX,626875.0
Maruti,Swift Dzire AMT VXI,625000.0
Maruti,Ciaz VXi,625000.0
Ford,Figo Aspire Facelift,624000.0
Maruti,Baleno Alpha 1.2,622600.0
Mahindra,Scorpio SLE BS IV,620000.0
Tata,Safari Storme VX,620000.0
Honda,City i VTEC SV,620000.0
Chevrolet,Cruze LTZ AT,619800.0
Maruti,Swift Dzire VXI 1.2 BS IV,615000.0
Honda,Amaze S Petrol BSIV,614000.0
Maruti,Swift ZXI Plus,612500.0
Volkswagen,Jetta 1.4 TSI Comfortline,612333.0
Maruti,Ertiga ZDI,611200.0
Toyota,Etios VXD,610000.0
Honda,Amaze S CVT Petrol,610000.0
Maruti,Ertiga VXI,605357.1428571428
Hyundai,i20 Asta Option 1.4 CRDi,605000.0
Toyota,Innova 2.5 VX (Diesel) 8 Seater BS IV,600000.0
Mahindra,Thar CRDe AC,600000.0
Honda,BRV i-VTEC V MT,600000.0
Ford,Endeavour Titanium 4X2,600000.0
Renault,Duster 85PS Diesel RxZ,600000.0
Hyundai,Sonata CRDi M/T,600000.0
Renault,Triber RXT BSIV,600000.0
Nissan,X-Trail SLX MT,600000.0
Mahindra,Xylo E4 BS III,600000.0
Skoda,Superb Ambition 2.0 TDI CR AT,600000.0
Ford,Figo 1.5 Sports Edition MT,600000.0
Skoda,Rapid 1.6 MPI AT Elegance Plus,600000.0
Hyundai,i20 Asta Option 1.2,600000.0
Mahindra,Bolero B6,600000.0
Hyundai,Grand i10 Nios Sportz,600000.0
Skoda,Rapid 1.5 TDI AT Ambition,599000.0
Skoda,Superb 1.8 TSI,599000.0
Mahindra,Xylo H4,599000.0
Hyundai,i20 Active 1.2 S,597500.0
Mahindra,Thar 4X4,597500.0
Renault,Duster 110PS Diesel RxL,596666.6666666666
Maruti,Ciaz VDi Plus,592500.0
Maruti,Ciaz 1.4 AT Zeta,592499.75
Toyota,Innova 2.5 GX (Diesel) 8 Seater BS IV,590000.0
Nissan,Terrano XE D,590000.0
Maruti,Ignis 1.3 Delta,590000.0
Maruti,Swift AMT VXI,587500.0
Hyundai,Xcent 1.2 VTVT S,586666.6666666666
Volkswagen,Ameo 1.5 TDI Comfortline,585000.0
Maruti,Ciaz VXi Plus,585000.0
Honda,Jazz Select Edition,585000.0
Mahindra,Scorpio VLX 2WD AIRBAG BSIV,583333.3333333334
Ford,Figo Aspire 1.5 TDCi Titanium,582500.0
Honda,Jazz VX CVT,580000.0
Mahindra,TUV 300 T6 Plus,580000.0
Honda,Mobilio S i DTEC,580000.0
Maruti,Swift Dzire ZDI,578363.5454545454
Hyundai,Verna 1.6 VTVT S,576666.6666666666
Hyundai,i20 Magna 1.2,576000.0
Maruti,Wagon R ZXI 1.2,575000.0
Volkswagen,Ameo 1.5 TDI Highline 16 Alloy,575000.0
Hyundai,Grand i10 1.2 Kappa Sportz AT,575000.0
Mahindra,Jeep CJ 500 DI,575000.0
Ford,Ecosport 1.5 DV5 MT Titanium,571538.4615384615
Ford,Figo Aspire 1.5 Ti-VCT Titanium,570000.0
Hyundai,Grand i10 1.2 CRDi Asta,570000.0
Maruti,Ertiga VXI CNG,569000.0
Ford,Figo Aspire 1.5 TDCi Trend,567499.5
Maruti,Baleno Delta 1.2,565666.6666666666
Mahindra,Scorpio VLX 2WD AIRBAG SE BSIV,565000.0
Honda,City i DTEC S,565000.0
Maruti,Ciaz VDi Option SHVS,565000.0
Tata,Tiago NRG Petrol,562500.0
Tata,Tigor 1.2 Revotron XZ Option,558333.0
Ford,Figo 1.5D Titanium MT,557500.0
Maruti,Baleno Delta Automatic,556666.6666666666
Hyundai,Grand i10 1.2 CRDi Sportz Option,553333.0
Maruti,Swift ZDi BSIV,552500.0
Maruti,SX4 S Cross DDiS 320 Delta,551666.6666666666
Mahindra,Xylo D4,550714.2857142857
Tata,New Safari 4X4 EX,550000.0
Honda,Mobilio S i VTEC,550000.0
Honda,Amaze VX O iDTEC,550000.0
Honda,Mobilio V i VTEC,550000.0
Maruti,Swift DDiS LDI,550000.0
Maruti,Ciaz ZDi,550000.0
Toyota,Corolla Altis Diesel D4DGL,550000.0
Toyota,Innova 2.0 GX 8 STR BSIV,550000.0
Toyota,Innova 2.5 G (Diesel) 7 Seater BS IV,550000.0
Honda,City i DTec SV,550000.0
Maruti,Baleno RS 1.0 Petrol,550000.0
Ford,Ecosport 1.0 Ecoboost Titanium,550000.0
Maruti,Ciaz VDi,550000.0
Tata,New Safari 4X2,550000.0
Mahindra,Bolero 2011-2019 SLX 2WD BSIII,550000.0
Hyundai,Verna 1.4 CRDi,550000.0
Maruti,Swift ZXi BSIV,550000.0
Hyundai,Grand i10 1.2 Kappa Magna AT,550000.0
Maruti,Swift Dzire AMT ZXI,550000.0
Fiat,Linea 1.3 Multijet Emotion,550000.0
Hyundai,i20 Active SX Petrol,550000.0
Ford,Figo Aspire 1.5 TDCi Ambiente ABS,550000.0
Hyundai,Elite i20 Petrol Magna Exective,550000.0
Maruti,Swift VXI BSIV,550000.0
Renault,Duster RXL AWD,550000.0
Nissan,Terrano XL 85 PS,550000.0
Maruti,Swift VVT ZXI,550000.0
Honda,Amaze SX i-VTEC,550000.0
Hyundai,i20 Active S Petrol,547500.0
Honda,City i-DTEC SV,546666.6666666666
Hyundai,Elite i20 Magna Plus BSIV,545000.0
Maruti,Ertiga VDI,543333.1666666666
Skoda,Superb Elegance 2.0 TDI CR AT,542000.0
Hyundai,Verna 1.6 SX VTVT,541666.6666666666
Renault,KWID Climber 1.0 MT Opt BSIV,541000.0
Honda,Jazz 1.2 V i VTEC,540000.0
Ford,Figo Aspire 1.2 Ti-VCT Titanium Plus,540000.0
Maruti,Swift DDiS VDI,540000.0
Hyundai,Verna 1.6 SX VTVT (O),538750.0
Hyundai,i20 1.2 Magna Executive,537500.0
Honda,City i DTEC V,537500.0
Mahindra,Bolero 2011-2019 SLX,537500.0
Maruti,Ertiga VDI Limited Edition,535000.0
Mahindra,Bolero Power Plus Plus AC BSIV PS,535000.0
Mahindra,Scorpio EX,533333.3333333334
Hyundai,i20 Sportz 1.4 CRDi,532500.0
Honda,Amaze VX i-DTEC,530555.5555555555
Toyota,Innova 2.5 V Diesel 8-seater,530000.0
Ford,Ecosport 1.5 DV5 MT Titanium Optional,530000.0
Skoda,Rapid 1.5 TDI Ambition,530000.0
Tata,Tiago XZA AMT,525000.0
Hyundai,i20 2015-2017 Magna 1.2,525000.0
Mahindra,NuvoSport N8,525000.0
Hyundai,Grand i10 Asta Option AT,525000.0
Maruti,Wagon R VXI AMT1.2BSIV,525000.0
Hyundai,Grand i10 Asta Option,525000.0
Hyundai,i20 1.2 Spotz,525000.0
Mitsubishi,Outlander 2.4,525000.0
Maruti,Swift Dzire ZXI,523750.0
Hyundai,Grand i10 Magna AT,520000.0
Toyota,Innova Crysta 2.5 VX BS IV,520000.0
Hyundai,Santro Magna CNG BSIV,520000.0
Maruti,Swift VXI,517357.14285714284
Toyota,Innova 2.5 G4 Diesel 7-seater,516666.6666666667
Volkswagen,Polo 1.5 TDI Highline,516666.6666666667
Hyundai,Santro Asta,515000.0
Mahindra,Thar DI 4X2,515000.0
Hyundai,i20 1.2 Asta,511500.0
Maruti,Swift Dzire VDI,511463.73913043475
Maruti,Baleno Delta Diesel,511000.0
Hyundai,Xcent 1.2 VTVT E Plus,511000.0
Hyundai,Grand i10 1.2 Kappa Asta,510416.6666666667
Toyota,Etios 1.5 V,509999.0
Mahindra,Scorpio 1.99 S4,509999.0
Mahindra,KUV 100 G80 K4 Plus,509999.0
Maruti,Celerio ZXI AT,509999.0
Nissan,Terrano XL 110 PS,508333.3333333333
Hyundai,Grand i10 1.2 Kappa Magna BSIV,507750.0
Volkswagen,Vento 1.5 TDI Highline,505000.0
Mahindra,Scorpio SLE BSIV,504999.8333333333
Tata,Tigor 1.2 Revotron XM,504999.5
Hyundai,Xcent 1.1 CRDi SX Option,503333.3333333333
Chevrolet,Cruze LTZ,502222.22222222225
Nissan,Terrano XL Plus 85 PS,500333.3333333333
Maruti,Ignis 1.2 Alpha BSIV,500000.0
Mahindra,Bolero Power Plus Plus Non AC BSIV PS,500000.0
Mahindra,Bolero Power Plus LX,500000.0
Fiat,Punto EVO 1.3 Dynamic,500000.0
Fiat,Linea T Jet Plus,500000.0
Maruti,Ignis 1.2 Delta BSIV,500000.0
Maruti,Ignis 1.2 Zeta BSIV,500000.0
Maruti,Swift LDI Optional,500000.0
Hyundai,Santro Sportz BSIV,500000.0
Hyundai,Verna 1.4 EX,500000.0
Nissan,Terrano XE 85 PS,500000.0
Chevrolet,Tavera Neo 3 9 Str BSIII,500000.0
Maruti,Ertiga BSIV ZXI,500000.0
Toyota,Etios Liva 1.2 V,500000.0
Toyota,Innova 2.5 GX (Diesel) 8 Seater,500000.0
Mahindra,Supro VX 8 Str,500000.0
Honda,City i VTEC S,500000.0
Maruti,Baleno Sigma 1.2,500000.0
Tata,Altroz XE,500000.0
Ford,Ecosport 1.5 DV5 MT Ambiente,500000.0
Maruti,Celerio ZXI AMT BSIV,500000.0
Maruti,Ertiga SHVS LDI,500000.0
Tata,Nexon 1.2 Revotron XM,500000.0
Toyota,Corolla Altis G,500000.0
Ford,Endeavour 2.5L 4X2,500000.0
Honda,Jazz 1.2 S i VTEC,500000.0
Hyundai,Grand i10 1.2 Kappa Sportz BSIV,499428.5714285714
Ford,Figo Aspire 1.2 Ti-VCT Trend,497500.0
Mahindra,Scorpio M2DI,497142.85714285716
Honda,Amaze S i-VTEC,495000.0
Honda,Jazz 1.5 S i DTEC,495000.0
Tata,Aria Pure LX 4x2,495000.0
Ford,Figo 1.5D Titanium Opt MT,495000.0
Honda,City Corporate Edition,495000.0
Renault,Duster 110PS Diesel RxZ,494999.77777777775
Hyundai,i20 Sportz 1.2,494500.0
Mahindra,Scorpio LX,493200.0
Hyundai,Verna 1.6 SX CRDi (O),491071.35714285716
Renault,Duster 85PS Diesel RxL Optional,490750.0
Hyundai,Verna 1.6 SX,490666.4
Maruti,Swift LDI BSIV,490000.0
Maruti,Ritz VDI (ABS) BS IV,490000.0
Maruti,Celerio X ZXI BSIV,490000.0
Hyundai,Grand i10 Asta,488200.0
Maruti,Swift VXI Deca,486250.0
Volkswagen,Polo 1.2 MPI Comfortline,485000.0
Honda,Brio 1.2 S Option MT,484999.0
Maruti,Swift ZDI Plus,484999.0
Hyundai,Santro Sportz AMT,484999.0
Toyota,Etios VD,482857.0
Hyundai,Verna SX CRDi AT,482500.0
Maruti,Swift Dzire LDI,482222.22222222225
Volkswagen,Passat 1.8 TSI MT,480000.0
Honda,City 1.5 V Elegance,480000.0
BMW,5 Series 530i,480000.0
Ford,Figo 1.5D Trend MT,480000.0
Toyota,Etios Liva VD,480000.0
Maruti,Swift VDI Optional,479999.5
Renault,Duster 85PS Diesel RxL,479117.64705882355
Maruti,Grand Vitara MT,479000.0
Maruti,Eeco CNG 5 Seater AC BSIV,478333.3333333333
Tata,Tigor 1.2 Revotron XT,478333.0
Honda,Amaze S i-Vtech,476666.6666666667
Mahindra,Scorpio VLS AT 2.2 mHAWK,476250.0
Ford,Ecosport 1.5 Ti VCT AT Titanium,475000.0
Mahindra,Scorpio SLE BSIII,475000.0
Mahindra,KUV 100 mFALCON D75 K8,475000.0
Hyundai,i20 Sportz Option 1.2,475000.0
Skoda,Laura Elegance 2.0 TDI CR AT,475000.0
Honda,Amaze S i-DTEC,475000.0
Honda,Brio 1.2 VX MT,475000.0
Toyota,Innova 2.5 GX (Diesel) 7 Seater BS IV,472500.0
Hyundai,Xcent 1.2 VTVT S AT,471000.0
Chevrolet,Tavera Neo 3 LT 9 Seats BSIII,470000.0
Mahindra,KUV 100 D75 K4 Plus 5Str,470000.0
Hyundai,i20 Asta 1.2,468750.0
Hyundai,i20 2015-2017 Sportz Option 1.4 CRDi,465000.0
Volkswagen,Ameo 1.2 MPI Trendline,465000.0
Hyundai,Santro Magna BSIV,462500.0
Ford,Endeavour 2.5L 4X2 MT,462500.0
Ford,Figo Aspire 1.5 TDCi Titanium Plus,459999.0
Renault,Duster 85PS Diesel RxE,458333.3333333333
Renault,Duster 85PS Diesel RxL Plus,457333.3333333333
Honda,Jazz VX,456666.6666666667
Renault,Pulse RxZ,455000.0
Tata,Tiago 1.2 Revotron XZ,453833.3333333333
Mahindra,Scorpio LX BSIV,452000.0
Maruti,Celerio VXI AMT BSIV,450000.0
Honda,Mobilio V i DTEC,450000.0
Mahindra,Thar 4X2,450000.0
Toyota,Innova 2.5 G3,450000.0
Tata,New Safari DICOR 2.2 VX 4x4,450000.0
Maruti,Ignis 1.2 Sigma BSIV,450000.0
Mahindra,Bolero SLX 4WD BSIII,450000.0
Datsun,GO Plus A Option Petrol,450000.0
Hyundai,Grand i10 CRDi Asta Option,450000.0
Fiat,Punto EVO 1.3 Emotion,450000.0
Maruti,Ignis 1.2 AMT Delta BSIV,450000.0
Hyundai,Xcent 1.2 CRDi S,450000.0
Skoda,Laura Ambiente 2.0 TDI CR AT,450000.0
Skoda,Rapid 1.5 TDI Elegance,450000.0
Ford,Fiesta Petrol Trend,450000.0
Mahindra,Xylo D2 BSIV,450000.0
Hyundai,Verna 1.6 SX VTVT AT,450000.0
Nissan,Sunny XV D Premium Leather,450000.0
Volkswagen,Polo 1.5 TDI Comfortline,450000.0
Honda,Jazz 1.5 SV i DTEC,450000.0
Tata,Tiago 1.05 Revotorq XT Option,450000.0
Tata,Tiago 2019-2020 XZ,450000.0
Maruti,S-Presso VXI Plus,450000.0
Tata,Sumo Gold EX BSIII,449500.0
Maruti,Swift VDI BSIV,448724.1034482759
Renault,Scala Diesel RxL,448000.0
Mahindra,KUV 100 mFALCON G80 K8 5str,446666.6666666667
Volkswagen,Vento 1.6 Highline,443499.5
Hyundai,Verna 1.4 VTVT,443333.3333333333
Honda,Amaze VX AT i-Vtech,440000.0
Hyundai,i20 Asta (o) 1.4 CRDi (Diesel),440000.0
Fiat,Linea T Jet Emotion,440000.0
Toyota,Innova 2.5 GX 8 STR BSIV,439333.3333333333
Hyundai,Grand i10 1.2 Kappa Sportz Dual Tone,437500.0
Nissan,Micra XL CVT,434999.0
Hyundai,Grand i10 1.2 Kappa Era,434999.0
Honda,City V AT,434999.0
Datsun,GO Plus T Option Petrol,434999.0
Maruti,Celerio ZXI,433999.6
Toyota,Etios GD,433571.28571428574
Mahindra,KUV 100 mFALCON G80 K2,433333.3333333333
Hyundai,Grand i10 AT Asta,432500.0
Maruti,Celerio VXI Optional,430999.0
Toyota,Etios Liva 1.2 G,430000.0
Ambassador,Grand 1800 ISZ MPFI PW CL,430000.0
Mahindra,KUV 100 mFALCON D75 K6,430000.0
Hyundai,Xcent 1.2 Kappa S,430000.0
Hyundai,Xcent 1.1 CRDi SX,430000.0
Skoda,Rapid 1.6 TDI PRESTIGE,430000.0
Hyundai,i20 Asta 1.4 CRDi,429090.9090909091
Honda,Accord 2.4 AT,428000.0
Tata,Tiago 1.2 Revotron XTA,426000.0
Tata,Harrier XE,426000.0
Maruti,Swift Dzire VXI,425000.0
Maruti,Celerio ZXI MT BSIV,425000.0
Toyota,Etios Liva 1.4 VD,425000.0
Maruti,Swift Dzire LDIX Limited Edition,425000.0
Hyundai,Santro Magna AMT BSIV,425000.0
Volkswagen,Polo 1.2 MPI Highline,425000.0
Honda,Amaze S AT i-Vtech,425000.0
Toyota,Etios Cross 1.4L GD,425000.0
Chevrolet,Enjoy TCDi LT 8 Seater,425000.0
Toyota,Innova 2.5 G (Diesel) 8 Seater BS IV,424285.4285714286
Maruti,Swift ZDi,421666.6666666667
Toyota,Corolla Altis Diesel D4DJ,420000.0
Maruti,Celerio VXI AT,420000.0
Maruti,Wagon R VXI AMT,420000.0
Mahindra,KUV 100 mFALCON G80 K2 Plus,420000.0
Maruti,Swift Dzire LDI Optional,419000.0
Hyundai,Grand i10 CRDi Magna,418000.0
Maruti,Swift LXI Option,415000.0
Ford,Figo Trend,415000.0
Hyundai,i20 Asta (o),412500.0
Honda,City 1.5 V MT,412499.8333333333
Maruti,Swift ZXI,410000.0
Mahindra,Bolero SLX 2WD BSIII,410000.0
Mahindra,KUV 100 D75 K2,409999.0
Hyundai,i20 Magna 1.4 CRDi,409999.0
Maruti,Gypsy King HT BSIV,409999.0
Ford,Fiesta Titanium 1.5 TDCi,408000.0
Hyundai,Grand i10 1.2 Kappa Sportz Option,405000.0
Chevrolet,Tavera Neo 2 LT L 9 Str,400000.0
Ford,Endeavour Hurricane Limited Edition,400000.0
Mahindra,Xylo E6,400000.0
Maruti,SX4 ZDI Leather,400000.0
Skoda,Laura Elegance 1.9 TDI AT,400000.0
Renault,Duster Petrol RxL,400000.0
Maruti,Swift LDI,400000.0
Maruti,Swift VVT VXI,400000.0
Chevrolet,Tavera Neo 3 LS 7 C BSIII,400000.0
Chevrolet,Tavera Neo 2 LS B4 7 Str BSIII,400000.0
Honda,Amaze S Diesel,400000.0
Chevrolet,Tavera Neo 3 Max 9 Str BSIII,400000.0
Tata,Tiago 1.05 Revotorq XZ Plus,400000.0
Toyota,Corolla Altis 1.8 J,400000.0
Tata,Zest Quadrajet 1.3 XM,400000.0
Toyota,Innova 2.5 EV Diesel MS 7 Str BSIII,400000.0
Honda,Accord 2.4 MT,400000.0
Chevrolet,Captiva 2.0L VCDi,400000.0
Honda,City 1.5 E MT,400000.0
Nissan,Micra Active XV Petrol,399000.0
Hyundai,Xcent 1.2 CRDi SX,399000.0
Hyundai,i20 Magna Optional 1.4 CRDi,397500.0
Tata,Tiago 1.2 Revotron XT,395000.0
Hyundai,Grand i10 CRDi Sportz,394166.5
Toyota,Etios Liva GD,394166.3333333333
Tata,Zest Revotron 1.2T XMS,392500.0
Hyundai,Xcent 1.1 CRDi Base,392000.0
Volkswagen,Polo Petrol Comfortline 1.2L,391666.6666666667
Renault,Pulse RxL,390000.0
Volkswagen,Vento 1.5 TDI Comfortline,390000.0
Tata,Zest Revotron 1.2 XT,390000.0
Datsun,GO Plus T BSIV,390000.0
Chevrolet,Enjoy TCDi LTZ 7 Seater,390000.0
Maruti,Swift VDI,388629.6296296296
Hyundai,Grand i10 1.2 CRDi Magna,387500.0
Hyundai,i20 1.4 CRDi Sportz,385500.0
Tata,Tiago 2019-2020 XE Diesel,385000.0
Mahindra,KUV 100 G80 K2,385000.0
Hyundai,Verna SX Diesel,385000.0
Chevrolet,Enjoy 1.3 TCDi LS 8,383333.3333333333
Hyundai,Xcent 1.2 Kappa SX,383333.3333333333
Hyundai,Xcent 1.2 CRDi E,383333.3333333333
Maruti,Swift Dzire 1.2 Vxi BSIV,381500.0
Ford,Ecosport 1.0 Ecoboost Titanium Optional,381250.0
Tata,Tiago 1.05 Revotorq XE,380500.0
Volkswagen,Vento Magnific 1.6 Highline,380000.0
Maruti,Swift 1.3 VXI ABS,380000.0
Ford,Fiesta Diesel Style,380000.0
Honda,Amaze E i-VTEC,380000.0
Maruti,Wagon R VXI Plus Optional,380000.0
Mahindra,KUV 100 D75 K6 Plus,380000.0
Volkswagen,Polo SR Petrol 1.2L,380000.0
Maruti,Eeco 5 Seater Standard BSIV,380000.0
Tata,Safari DICOR 2.2 EX 4x2,380000.0
Maruti,Swift VXI Optional,380000.0
Honda,City E,380000.0
Tata,Sumo Gold EX,379999.5
Skoda,Laura Ambiente 2.0 TDI CR MT,379615.3846153846
Hyundai,Grand i10 Magna,378750.0
Hyundai,Grand i10 Sportz,376666.6666666667
Hyundai,i10 Sportz 1.2 AT,376250.0
Volkswagen,Vento Petrol Highline,375000.0
Chevrolet,Sail LS ABS,375000.0
Datsun,RediGO 1.0 T Option,375000.0
Tata,Bolt Revotron XM,375000.0
Maruti,Swift Dzire LXI,375000.0
Chevrolet,Captiva LT,375000.0
Mahindra,Xylo D2 BS IV,371666.0
Hyundai,i20 Magna 1.4 CRDi (Diesel),370999.8
Toyota,Etios Cross 1.2L G,370500.0
Mahindra,Scorpio 2.6 Turbo 9 Str,370000.0
Maruti,Wagon R AMT VXI Option,370000.0
Renault,Duster 110PS Diesel RxZ Plus,370000.0
Maruti,Celerio ZXI Optional AMT BSIV,370000.0
Hyundai,Verna Transform SX VTVT,370000.0
Honda,Amaze E i-DTEC,370000.0
Honda,Brio VX,367500.0
Honda,Amaze S i-Dtech,366428.5714285714
Honda,Brio V MT,366333.3333333333
Honda,City S,365000.0
Maruti,Celerio Green VXI,365000.0
Renault,Scala RxL,365000.0
Volkswagen,Polo Diesel Highline 1.2L,363166.5
Nissan,Sunny XL D,362500.0
Mahindra,Scorpio 2.6 CRDe SLE,362500.0
Tata,Aria Pleasure 4x2,360000.0
Honda,Amaze E i-Vtech,360000.0
Mahindra,Scorpio VLX 2WD ABS AT BSIII,360000.0
Chevrolet,Cruze LT,359666.6666666667
Nissan,Sunny Diesel XV,358333.3333333333
Nissan,Sunny XL,358000.0
Nissan,Micra Active XV,357499.5
Renault,KWID AMT,355000.0
Mahindra,Scorpio VLS 2.2 mHawk,354999.5
Tata,Zest Revotron 1.2T XE,353750.0
Ford,Figo Petrol EXI,350000.0
Ford,Fiesta Classic 1.6 Duratec CLXI,350000.0
Tata,Tiago 1.2 Revotron XZA,350000.0
Fiat,Linea Classic 1.3 Multijet,350000.0
Maruti,Ertiga VXI ABS,350000.0
Skoda,Rapid 1.6 MPI Elegance,350000.0
Honda,Brio 1.2 S MT,350000.0
Mahindra,Xylo E4 ABS BS IV,350000.0
Mahindra,Xylo D2 Maxx,350000.0
Hyundai,i10 Asta AT,350000.0
Volkswagen,CrossPolo 1.2 MPI,350000.0
Volkswagen,Jetta 2.0 TDI Comfortline,350000.0
Mercedes-Benz,E-Class 220 CDI,350000.0
Skoda,Yeti Ambition 4WD,350000.0
Tata,Zest Quadrajet 1.3 75PS XE,350000.0
Mahindra,KUV 100 mFALCON D75 K8 AW,350000.0
Honda,City VX MT,350000.0
Maruti,Celerio ZDi,350000.0
Renault,KWID Climber 1.0 AMT BSIV,350000.0
Fiat,Avventura MULTIJET Emotion,350000.0
Honda,City i DTEC E,350000.0
Chevrolet,Sail 1.2 LT ABS,350000.0
Fiat,Linea Dynamic,350000.0
Hyundai,i20 1.4 CRDi Asta,350000.0
Toyota,Corolla Altis 1.8 VL AT,350000.0
Datsun,RediGO SV 1.0,350000.0
Renault,Fluence 1.5,350000.0
Datsun,GO Plus T Option,350000.0
Hyundai,Santro Era,350000.0
Datsun,GO Plus T,350000.0
Ford,Figo 1.5D Ambiente ABS MT,350000.0
Honda,Brio 1.2 E MT,350000.0
Maruti,Eeco 5 Seater AC BSIV,346222.22222222225
Force,One EX,346000.0
Maruti,Alto K10 VXI AGS,343666.6666666667
Skoda,Laura L n K 1.9 PD,343333.3333333333
Hyundai,Verna 1.6 CRDI,343000.0
Tata,Tiago 1.2 Revotron XE,341666.6666666667
Maruti,Celerio LXI MT BSIV,340000.0
Hyundai,i20 Magna Optional 1.2,340000.0
Honda,Amaze EX i-Dtech,339999.8
Maruti,Swift VXi BSIV,337500.0
Maruti,Alto 800 LXI Optional,335000.0
Honda,Brio Exclusive Edition,335000.0
Mahindra,Xylo E8,335000.0
Hyundai,Xcent 1.2 Kappa Base,335000.0
Tata,Tiago XT,335000.0
Honda,Civic 1.8 V MT,335000.0
Maruti,Celerio VXI,333625.0
Skoda,Superb 1.8 TFSI MT,333333.3333333333
Nissan,Micra XL,332571.4285714286
Renault,KWID 1.0 RXT Optional,330882.35294117645
Volkswagen,Vento New Diesel Highline,330000.0
Chevrolet,Enjoy TCDi LS 8 Seater,330000.0
Maruti,Wagon R AMT VXI,330000.0
Tata,Xenon XT EX 4X2,327333.3333333333
Volkswagen,Vento Diesel Highline,327142.85714285716
Tata,New Safari DICOR 2.2 GX 4x2 BS IV,326000.0
Mahindra,Xylo E4 8S,325000.0
Renault,KWID RXL BSIV,325000.0
Fiat,Grande Punto EVO 1.3 Dynamic,325000.0
Mahindra,Bolero 2011-2019 SLE,325000.0
Ford,Figo Titanium Diesel BSIV,325000.0
Renault,Pulse RxZ Optional,325000.0
Volkswagen,Vento 1.5 TDI Comfortline AT,325000.0
Hyundai,Verna Transform CRDi VGT SX ABS,325000.0
Mahindra,Bolero SLE,325000.0
Mahindra,Bolero SLX,324099.9
Maruti,Alto K10 VXI Airbag,323750.0
Honda,City 1.5 S MT,320832.8333333333
Volkswagen,Vento Diesel Style Limited Edition,320000.0
Tata,New Safari DICOR 2.2 GX 4x2,320000.0
Tata,Sumo Victa CX 7/9 Str BSII,320000.0
Toyota,Innova 2.0 VX 7 Seater,320000.0
Hyundai,EON Magna Plus Option,320000.0
Volkswagen,Polo 1.5 TDI Trendline,317500.0
Chevrolet,Enjoy TCDi LT 7 Seater,316666.6666666667
Maruti,Ritz LDi,316500.0
Maruti,Alto 800 LXI Opt BSIV,315000.0
Datsun,GO Plus A,315000.0
Maruti,Celerio VDi,315000.0
Datsun,GO Plus T Option BSIV,313333.3333333333
Toyota,Etios V,313000.0
Ford,Endeavour 4x4 XLT,312500.0
Maruti,Eeco Smiles 5 Seater AC,311666.6666666667
Maruti,Eeco 7 Seater Standard BSIV,310833.3333333333
Honda,Amaze E i-Dtech,310000.0
Toyota,Camry Hybrid,310000.0
Honda,City VTEC,310000.0
Maruti,Wagon R CNG LXI,310000.0
Maruti,Omni Maruti Omni MPI STD BSIII 5-STR W/ IMMOBILISER,310000.0
Ford,Fiesta Classic 1.4 Duratorq CLXI,308333.3333333333
Renault,KWID 1.0,307500.0
Maruti,SX4 ZDI,307500.0
Honda,Brio S MT,306833.3333333333
Maruti,SX4 VDI,306666.6666666667
Toyota,Etios GD SP,306666.6666666667
Maruti,Wagon R VXI BS IV,305344.7931034483
Volkswagen,Vento 1.0 TSI Highline Plus,305000.0
Maruti,Wagon R Stingray VXI,305000.0
Mahindra,Quanto C4,303333.3333333333
Maruti,Swift Ldi BSIV,301666.6666666667
Ford,Fiesta 1.6 Duratec S,300000.0
Mahindra,Xylo E9,300000.0
Tata,Winger Deluxe - Hi Roof (AC),300000.0
Mahindra,Scorpio 2.6 SLX CRDe,300000.0
Hyundai,Grand i10 CRDi Asta,300000.0
Hyundai,i20 1.4 CRDi Magna,300000.0
Hyundai,i10 Magna 1.1 iTech SE,300000.0
Renault,KWID Climber 1.0 AMT,300000.0
Honda,Civic 1.8 (E) MT,300000.0
Maruti,Swift Dzire Tour LDI,300000.0
Maruti,Alto K10 LXI CNG Optional,300000.0
Mahindra,Xylo D4 BSIV,300000.0
Maruti,Alto K10 VXI AGS Optional,300000.0
Toyota,Innova 2.5 EV Diesel PS 7 Seater BSIII,300000.0
Maruti,Alto 800 CNG LXI Optional,300000.0
Maruti,Wagon R AX,300000.0
Datsun,RediGO AMT 1.0 S,300000.0
Honda,Jazz S,300000.0
Hyundai,EON Magna Optional,300000.0
Maruti,Ritz LXI,300000.0
Tata,Indigo CS LS (TDI) BS-III,300000.0
Datsun,GO Plus Remix Limited Edition,300000.0
Maruti,Gypsy King Hard Top Ambulance BSIV,300000.0
Toyota,Corolla Executive (HE),300000.0
Skoda,Fabia 1.2 MPI Ambition Plus,300000.0
Toyota,Corolla Altis Diesel D4DG,300000.0
Tata,New Safari 3L Dicor LX 4x2,300000.0
Tata,Manza Club Class Quadrajet90 LX,300000.0
Tata,Bolt Revotron XE,300000.0
Maruti,Swift Dzire VDi,299545.45454545453
Maruti,Wagon R Stingray LXI,299000.0
Maruti,Alto K10 VXI,296999.95238095237
Mahindra,Verito 1.5 D4 BSIV,295000.0
Mahindra,Scorpio VLX 2WD BSIII,295000.0
Maruti,Ritz VXi,295000.0
Hyundai,i20 1.2 Magna,293333.3333333333
Maruti,Swift LXI,293000.0
Mahindra,Xylo D2,291666.6666666667
Chevrolet,Sail 1.3 LS,290000.0
Datsun,redi-GO AMT 1.0 T Option,290000.0
Mahindra,Quanto C8,290000.0
Hyundai,i10 Sportz 1.1L,288999.6
Volkswagen,Jetta 1.9 Highline TDI,288333.3333333333
Volkswagen,Polo Diesel Comfortline 1.2L,287500.0
Maruti,Swift Dzire LDi,287500.0
Tata,New Safari DICOR 2.2 EX 4x2,287307.53846153844
Toyota,Innova 2.5 E 8 STR,287000.0
Hyundai,i20 1.2 Sportz,285833.3333333333
Honda,Brio S Option AT,285000.0
Maruti,Alto K10 VXI Optional,285000.0
Tata,Indica Vista Quadrajet 90 VX,285000.0
Honda,Jazz Select Edition Active,285000.0
Volkswagen,Vento Petrol Highline AT,284500.0
Maruti,Alto K10 LXI CNG,282000.0
Maruti,Eeco 5 STR With AC Plus HTR CNG,281999.6
Datsun,GO T Petrol,281666.6666666667
Renault,KWID RXL,281666.5
Chevrolet,Sail Hatchback 1.3 TCDi,281000.0
Ford,Endeavour XLT TDCi 4X2,280000.0
Volkswagen,Vento IPL II Diesel Trendline,280000.0
Hyundai,EON Era Plus Sports Edition,280000.0
Honda,Brio E MT,280000.0
Tata,Bolt Quadrajet XE,280000.0
Toyota,Etios Liva GD SP,280000.0
Tata,New Safari Dicor EX 4X2 BS IV,280000.0
Mahindra,Verito Vibe 1.5 dCi D6,280000.0
Skoda,Laura 1.9 TDI MT Ambiente,280000.0
Hyundai,i20 1.4 Magna Executive,280000.0
Chevrolet,Tavera Neo LS B3 - 7(C) seats BSIII,280000.0
Mahindra,Xylo E4,279999.75
Renault,KWID RXT,278333.3333333333
Mahindra,Scorpio VLX 2WD AT BSIV,275000.0
Mahindra,Bolero SLX 2WD,275000.0
Mahindra,Xylo E8 ABS Airbag BSIV,275000.0
Renault,KWID 1.0 RXL,275000.0
Hyundai,Sonata 2.4L AT,275000.0
Skoda,Fabia 1.2 TDI Active,275000.0
Skoda,Rapid 1.6 TDI Elegance,275000.0
Hyundai,EON Era Plus Option,273750.0
Nissan,Sunny Diesel XL,273333.3333333333
Maruti,Wagon R VXI Optional,273000.0
Renault,KWID RXE,272500.0
Hyundai,EON Era,272499.5
Maruti,Swift 1.2 DLX,272000.0
Hyundai,i10 Magna LPG,271666.6666666667
Ford,Figo Diesel ZXI,271666.6666666667
Hyundai,i20 Asta,271250.0
Mahindra,Quanto C6,271125.0
Volkswagen,Polo 1.0 MPI Trendline,271000.0
Maruti,Swift Dzire VXi,270833.1666666667
Renault,KWID RXT Optional,270000.0
Tata,Manza Club Class Quadrajet90 EX,270000.0
Ford,Fiesta 1.4 SXi TDCi ABS,270000.0
Volkswagen,Jetta 2.0 TDI Trendline,270000.0
Hyundai,Xcent 1.1 CRDi S,270000.0
Datsun,RediGO S,270000.0
Maruti,Swift 1.3 DLX,270000.0
Ford,Figo Petrol Titanium,269000.0
Toyota,Etios Liva VX,269000.0
Nissan,Micra Diesel XV,269000.0
Skoda,Rapid 1.6 MPI Active,269000.0
Maruti,SX4 Celebration Diesel,267500.0
Mahindra,Scorpio 2.6 Turbo 7 Str,267500.0
Ford,Classic 1.6 Duratec LXI,265000.0
Datsun,GO T BSIV,265000.0
Mahindra,Bolero DI DX 8 Seater,264999.5
Fiat,Grande Punto EVO 1.3 Active,263333.3333333333
Maruti,Swift VDi BSIII W/ ABS,263000.0
Toyota,Etios VX,262500.0
Hyundai,Verna 1.6 VTVT,262500.0
Volkswagen,Vento Diesel Trendline,262500.0
Hyundai,i10 Magna 1.1L,262499.5
Ford,Figo 1.2P Titanium Plus MT,260000.0
Volkswagen,Jetta 1.9 TDI Comfortline DSG,260000.0
Chevrolet,Sail Hatchback 1.2 LS,260000.0
Maruti,Wagon R VXI Minor ABS,260000.0
Tata,Tiago 1.05 Revotorq XM,260000.0
Maruti,Wagon R VXI BS IV with ABS,259999.5
Maruti,Wagon R LXI BS IV,259200.0
Hyundai,i10 Magna 1.2,257499.75
Hyundai,EON Magna Plus,256874.83333333334
Chevrolet,Optra Magnum 2.0 LT,256666.66666666666
Hyundai,Verna CRDi SX,255499.75
Tata,Manza Aura Quadrajet BS IV,255499.5
Maruti,Wagon R LX BS IV,255000.0
Fiat,Punto 1.3 Emotion,255000.0
Maruti,Wagon R LXI CNG,255000.0
Volkswagen,Polo Diesel Trendline 1.2L,253750.0
Mahindra,Bolero DI,253571.42857142858
Ford,Figo Diesel EXI,253124.875
Fiat,500 Lounge,250999.0
Toyota,Innova 2.5 G4 Diesel 8-seater,250000.0
Mahindra,Verito Vibe 1.5 dCi D4,250000.0
Tata,Indica Vista Aura 1.3 Quadrajet BSIV,250000.0
Tata,New Safari DICOR 2.2 EX 4x4,250000.0
Volkswagen,Jetta 1.9 L TDI,250000.0
Fiat,Grande Punto Emotion 90Hp,250000.0
Chevrolet,Sail Hatchback 1.3 TCDi LT ABS,250000.0
Hyundai,i20 Asta 1.4 CRDi (Diesel),250000.0
Datsun,GO A,250000.0
Hyundai,i20 1.2 Era,250000.0
Tata,Zest Quadrajet 1.3,250000.0
Hyundai,i20 Sportz Petrol,250000.0
Maruti,Swift Star VDI,250000.0
Maruti,Swift Glam,250000.0
Hyundai,Santro Xing GLS Audio LPG,250000.0
Hyundai,Verna CRDi SX ABS,250000.0
Chevrolet,Aveo 1.4 LT BSIV,250000.0
Maruti,Swift VXI with ABS,250000.0
Maruti,Alto K10 LX,250000.0
Renault,KWID RXT BSIV,250000.0
Ford,Classic 1.4 Duratorq LXI,250000.0
Fiat,Grande Punto EVO 90HP 1.3 Sport,250000.0
Maruti,Ritz LXi,248000.0
Chevrolet,Sail 1.2 Base,248000.0
Hyundai,EON Era Plus,245542.85714285713
Maruti,Alto 800 LXI CNG,245000.0
Tata,Indigo Grand Petrol,245000.0
Hyundai,Verna SX AT Diesel,245000.0
Hyundai,i20 Magna,245000.0
Maruti,SX4 Vxi BSIV,243750.0
Maruti,Omni E MPI STD BS IV,240428.42857142858
Maruti,Alto 800 Std Optional,240000.0
Chevrolet,Beat LT Option,239083.33333333334
Maruti,Omni 8 Seater BSII,238000.0
Hyundai,EON Magna,237500.0
Ford,Figo Diesel Celebration Edition,237000.0
Hyundai,i10 Magna,236817.68181818182
Maruti,SX4 ZXI MT BSIV,236666.66666666666
Hyundai,i10 Sportz,236250.0
Maruti,Swift ZXI ABS,235000.0
Volkswagen,Polo Petrol Highline 1.2L,232999.5
Maruti,Alto 800 VXI,232857.07142857142
Maruti,Wagon R VXI,232222.22222222222
Maruti,Alto 800 LXI,230799.91525423728
Maruti,Ritz VDi,230272.72727272726
Maruti,Wagon R LX Minor,230000.0
Chevrolet,Tavera Neo 3 10 Seats BSIV,230000.0
Maruti,Alto 800 LXI Airbag,230000.0
Hyundai,EON 1.0 Era Plus,229999.875
Datsun,RediGO T Option,229999.85714285713
Ford,Figo 1.2P Ambiente MT,229999.0
Hyundai,Santro Xing GL Plus LPG,229999.0
Hyundai,Verna Transform CRDi VGT ABS,229999.0
Toyota,Etios Liva G,229999.0
Hyundai,Verna Transform VTVT,229999.0
Chevrolet,Aveo 1.4 CNG,229999.0
Maruti,SX4 Zxi BSIII,228333.33333333334
Hyundai,i10 Era 1.1 iTech SE,227333.33333333334
Mahindra,Verito 1.5 D2 BSIV,227000.0
Maruti,Swift Vdi BSIII,226666.58333333334
Tata,Indigo CS LX (TDI) BS-III,225000.0
Chevrolet,Sail Hatchback LT ABS,225000.0
Nissan,Micra Diesel XV Primo,225000.0
Fiat,Linea Emotion (Diesel),225000.0
Maruti,Estilo LXI,225000.0
Hyundai,Sonata AT Leather,225000.0
Honda,Civic 1.8 V AT,225000.0
Mahindra,Scorpio VLX AT 2WD BSIII,225000.0
Honda,Civic 1.8 MT Sport,225000.0
Tata,Manza Aura (ABS) Quadrajet BS IV,223750.0
Datsun,RediGO 1.0 S,223333.33333333334
Fiat,Linea 1.3 Emotion,221000.0
Tata,Indigo Grand Dicor,220333.33333333334
Mahindra,Scorpio REV 116,220000.0
Maruti,Wagon R LXI LPG BSIV,220000.0
Hyundai,Verna 1.6 Xi ABS,220000.0
Tata,Sumo GX TC 8 Str,220000.0
Maruti,Swift VXI BSIII,220000.0
Tata,Indigo LS Dicor,220000.0
Maruti,Wagon R VXi BSII,220000.0
Hyundai,i20 1.4 CRDi Era,220000.0
Maruti,SX4 Celebration Petrol,220000.0
Skoda,Fabia 1.2L Diesel Ambiente,220000.0
Hyundai,EON D Lite,217000.0
Hyundai,EON D Lite Plus,215999.6
Toyota,Corolla H6,215000.0
Volkswagen,Vento Diesel Comfortline,215000.0
Maruti,Swift Dzire Vdi BSIV,215000.0
Hyundai,i10 Era,214374.875
Ford,Fiesta 1.6 ZXi Duratec,211500.0
Tata,Indica Vista TDI LX,211250.0
Maruti,Omni 8 Seater BSIV,210499.5
Chevrolet,Beat PS,210000.0
Honda,City 1.5 V AT Exclusive,210000.0
Tata,Spacio SA 6 Seater,210000.0
Maruti,Wagon R DUO LPG,210000.0
Datsun,GO T Option BSIV,210000.0
Mahindra,Ingenio CRDe,210000.0
Skoda,Rapid 1.6 TDI Ambition,210000.0
Tata,New Safari DICOR 2.2 VX 4x2,210000.0
Maruti,Alto K10 LXI,209874.75
Hyundai,Santro Xing GL Plus,207857.14285714287
Honda,Civic 1.8 S MT,206666.33333333334
Hyundai,i10 Sportz 1.2,206300.0
Maruti,Swift Ldi BSIII,205500.0
Maruti,Alto 800 LX,203333.33333333334
Ford,Figo Diesel Titanium,202500.0
Maruti,Alto K10 2010-2014 VXI,200599.9
Chevrolet,Sail Hatchback LS ABS,200000.0
Honda,Accord VTi-L (MT),200000.0
Mahindra,Renault Logan 1.6 Petrol GLSX,200000.0
Mahindra,Verito 1.5 D6 BSIII,200000.0
Tata,Manza Aura Safire,200000.0
Maruti,SX4 Zxi with Leather BSIII,200000.0
Chevrolet,Beat LT LPG,200000.0
Hyundai,Verna 1.6 i ABS,200000.0
Ford,Fiesta Diesel Trend,200000.0
Tata,Indica Vista Aura Plus 1.3 Quadrajet,200000.0
Mahindra,Xylo Celebration Edition BSIV,200000.0
Maruti,Ritz VXI,200000.0
Maruti,Alto VXi,200000.0
Mahindra,Jeep CL 500 MDI,200000.0
Tata,Manza Club Class Quadrajet90 LS,200000.0
Tata,New Safari 4X4,199000.0
Ford,Figo Diesel LXI,198333.33333333334
Tata,Indica Vista Aqua 1.3 Quadrajet ABS BSIV,198000.0
Hyundai,EON Sportz,197500.0
Ford,Fiesta 1.5 TDCi Titanium,197000.0
Honda,City 1.5 V AT,197000.0
Hyundai,Verna CRDi,196666.66666666666
Hyundai,EON LPG Magna Plus,196666.66666666666
Chevrolet,Beat Diesel LT Option,195000.0
Ford,Endeavour 4x2 XLT,195000.0
Tata,Indica Vista Quadrajet VX,195000.0
Maruti,Alto 800 Base,193333.33333333334
Hyundai,i10 Magna 1.2 iTech SE,192500.0
Chevrolet,Beat Diesel LT,192352.9411764706
Mahindra,Verito 1.5 D2 BSIII,191666.66666666666
Skoda,Laura Ambiente,190000.0
Fiat,Linea Active (Diesel),190000.0
Mahindra,Scorpio SLX 2.6 Turbo 8 Str,190000.0
Tata,Nano XM,190000.0
Honda,Civic 1.8 S AT,187500.0
Tata,Manza Aura Safire BS IV,186666.66666666666
Tata,Indica Vista TDI LS,186571.42857142858
Chevrolet,Aveo 1.4 LS,185000.0
Mahindra,Bolero SLE BSIII,185000.0
Tata,Manza Aura Quadrajet,185000.0
Tata,Indigo CS Emax CNG GLX,185000.0
Hyundai,Santro Xing GLS,184857.14285714287
Chevrolet,Beat LT,180083.16666666666
Tata,Indigo CS eLS BS IV,180000.0
Tata,Indica Vista Aqua 1.3 Quadrajet BSIV,180000.0
Maruti,Wagon R LXI DUO BS IV,180000.0
Ford,Ikon 1.3L Rocam Flair,180000.0
Chevrolet,Optra Magnum 2.0 LS,180000.0
Chevrolet,Optra Magnum 2.0 LS BSIII,180000.0
Hyundai,i10 Sportz AT,180000.0
Maruti,Wagon R Duo Lxi,180000.0
Hyundai,i20 1.4 Magna ABS,180000.0
Nissan,Micra Diesel XV Premium,179500.0
Maruti,Zen Estilo VXI BSIV,178750.0
Maruti,Omni MPI STD BSIV,178750.0
Tata,Manza Aqua Quadrajet BS IV,177500.0
Mahindra,Scorpio 2.6 CRDe,177499.75
Mahindra,Bolero DI DX 7 Seater,176666.66666666666
Chevrolet,Beat LS,176285.7142857143
Hyundai,Verna CRDi ABS,175000.0
Toyota,Corolla H2,175000.0
Tata,Indigo CS eLX BS IV,175000.0
Skoda,Laura Ambiente 1.9 PD,175000.0
Tata,Manza ELAN Quadrajet BS IV,175000.0
Chevrolet,Beat Diesel LS,174437.5
Tata,Indica Vista Quadrajet LS,170714.14285714287
Tata,Manza Club Class Quadrajet90 VX,170000.0
Hyundai,Tucson CRDi,170000.0
Fiat,Linea Emotion,170000.0
Maruti,Alto 800 CNG LXI,170000.0
Mahindra,Jeep Classic,170000.0
Hyundai,Getz GLS,168750.0
Hyundai,i10 Era 1.1,168750.0
Fiat,Grande Punto 1.3 Dynamic (Diesel),167500.0
Maruti,Swift 1.3 VXi,165727.27272727274
Maruti,Gypsy King Hard Top,165000.0
Fiat,Punto 1.4 Emotion,165000.0
Chevrolet,Spark 1.0 LT Option Pack w/ Airbag,165000.0
Maruti,Zen Estilo LXI BS IV,164999.66666666666
Nissan,Micra Active XV S,164000.0
Hyundai,EON 1.0 Kappa Magna Plus,163333.33333333334
Tata,Indigo CR4,162916.66666666666
Hyundai,Accent Executive,162500.0
Hyundai,Accent Executive CNG,162500.0
Chevrolet,Beat Diesel,161250.0
Tata,Indigo TDI,161125.0
Toyota,Corolla AE,160000.0
Tata,Indigo LS BSII,160000.0
Chevrolet,Aveo U-VA 1.2 LS,160000.0
Maruti,Swift LXi BSIV,160000.0
Tata,Indigo Classic Dicor,157500.0
Ford,Figo Petrol ZXI,157500.0
Hyundai,Getz 1.3 GLS,156666.66666666666
Hyundai,Verna SX,155000.0
Mahindra,Jeep MM 775 XDB,155000.0
Maruti,Zen Estilo LXI BSIII,155000.0
Maruti,Zen Estilo Sports,153333.33333333334
Hyundai,Accent GLE CNG,152500.0
Hyundai,Getz 1.5 CRDi GVS,151666.66666666666
Mahindra,Jeep MM 550 XDB,150000.0
Tata,Xenon XT EX 4X4,150000.0
Mahindra,Renault Logan 1.5 DLX Diesel,150000.0
Maruti,Swift Dzire LXi,150000.0
Maruti,Swift Dzire LXI Option,150000.0
Chevrolet,Spark 1.0 LT BS3,150000.0
Maruti,A-Star Vxi,150000.0
Maruti,Omni BSIII 8-STR W/ IMMOBILISER,150000.0
Maruti,A-Star AT VXI,150000.0
Hyundai,Verna XXi (Petrol),150000.0
Hyundai,Santro Xing XS,150000.0
Chevrolet,Tavera LS B3 7 Seats BSII,150000.0
Toyota,Qualis FS B3,150000.0
Ford,Fiesta 1.4 ZXi Duratec,150000.0
Chevrolet,Aveo 1.6 LT,150000.0
Tata,Indica Vista Quadrajet LX,148571.42857142858
Chevrolet,Spark 1.0 LT,147857.14285714287
Mahindra,Jeep MM 540,147500.0
Hyundai,Santro Xing GL,147500.0
Tata,Indica Vista Terra TDI BSIII,145000.0
Hyundai,Santro AT,145000.0
Hyundai,Santro Xing XS eRLX Euro III,145000.0
Chevrolet,Beat Diesel PS,144500.0
Maruti,Wagon R LXI Minor,144416.66666666666
Maruti,Wagon R LXI,143608.69565217392
Maruti,Alto LXi BSIII,142942.7857142857
Hyundai,Santro Xing XG AT,142500.0
Honda,City 1.5 GXI,142500.0
OpelCorsa,1.6Gls,142000.0
Maruti,Wagon R VXI Minor,140999.8
Chevrolet,Tavera LT L1 7 Seats BSIII,140000.0
Tata,Indica Vista Terra Quadrajet 1.3L,140000.0
Chevrolet,Aveo 1.6 LT with ABS,140000.0
Tata,Indigo LS,138333.33333333334
Maruti,Wagon R VXI BSIII,136999.8
Hyundai,Accent GLX,136666.66666666666
Mahindra,Scorpio 2.6 SLX Turbo 7 Seater,136666.66666666666
Tata,Indica Vista Aura 1.3 Quadrajet,135000.0
Hyundai,Santro GLS I - Euro II,135000.0
Honda,City 1.5 EXI,135000.0
Maruti,Zen Estilo LX BSIII,135000.0
Chevrolet,Spark 1.0 LS,133200.0
Tata,Indigo LX,133000.0
Maruti,A-Star Lxi,132500.0
Hyundai,i10 Magna 1.1,131250.0
Ford,Figo Petrol LXI,130000.0
Hyundai,Santro Xing XK eRLX EuroIII,130000.0
Ford,Ikon 1.4 TDCi DuraTorq,130000.0
Hyundai,Getz GL,130000.0
Tata,Sumo Victa EX 7/9 Str BSII,130000.0
Tata,Manza Aura (ABS) Safire BS IV,130000.0
Hyundai,Santro Xing GLS CNG,130000.0
Hyundai,Santro AT CNG,130000.0
Maruti,SX4 ZXI AT,130000.0
Honda,City 1.3 EXI,128000.0
Maruti,Zen Estilo LXI Green (CNG),127500.0
Maruti,Zen Estilo 1.1 LXI BSIII,126000.0
Hyundai,Elantra CRDi (Leather Option),125000.0
Fiat,Palio 1.2 Sport,125000.0
Mahindra,Renault Logan 1.5 DLE Diesel,125000.0
Fiat,Grande Punto Active (Diesel),125000.0
Maruti,Zen LXi - BS III,125000.0
Maruti,Alto LXi,123553.17021276595
Ford,Fiesta 1.4 ZXi TDCi ABS,123333.33333333333
Hyundai,Accent GLS,122500.0
Hyundai,Verna i (Petrol),121500.0
Maruti,Baleno Vxi,121500.0
Ford,Fiesta 1.4 Duratec ZXI,120000.0
Ford,Fiesta 1.6 Duratec EXI Ltd,120000.0
Skoda,Octavia Classic 1.9 TDI MT,120000.0
Tata,Nano Twist XE,120000.0
Chevrolet,Optra 1.6,120000.0
Ford,Fusion 1.6 Duratec Petrol,120000.0
Honda,City 1.3 DX,120000.0
Ambassador,CLASSIC 1500 DSL AC,120000.0
Tata,Indica Vista Aqua 1.3 Quadrajet,118333.33333333333
Tata,Indica Vista Aqua TDI BSIII,118333.33333333333
Maruti,Alto LX BSIII,117500.0
Tata,Sumo GX TC 7 Str BSIII,115999.0
Tata,Indica Vista Aqua 1.4 TDI,115714.28571428571
Maruti,Alto LX,115171.37142857142
Maruti,Wagon R LX BSIII,115000.0
Ford,Fiesta Classic 1.4 SXI Duratorq,115000.0
Chevrolet,Aveo U-VA 1.2 LT,114999.0
Hyundai,Accent GLE,114999.0
Ford,Ikon 1.8 D,114999.0
Maruti,Wagon R LXI DUO BSIII,112500.0
Hyundai,Accent CRDi,112500.0
Mahindra,Renault Logan 1.4 GLX Petrol,112500.0
Maruti,Zen VXI,110000.0
Chevrolet,Spark 1.0 PS,110000.0
Tata,Venture EX,110000.0
Tata,Indigo LX Dicor,110000.0
Tata,Indigo GLE BSIII,110000.0
Chevrolet,Aveo U-VA 1.2 LT WO ABS Airbag,110000.0
Tata,Indica Vista Aura 1.2 Safire,110000.0
Hyundai,Getz GLE,110000.0
Maruti,SX4 Vxi BSIII,110000.0
Hyundai,Getz 1.3 GVS,110000.0
Tata,Indigo GLX,108333.33333333333
Hyundai,Santro Xing XL eRLX Euro III,107856.85714285714
Maruti,Zen Estilo 1.1 VXI BSIII,107500.0
Maruti,Wagon R LXI BSIII,107500.0
Tata,Indica Vista Terra 1.4 TDI,106600.0
Honda,City 1.5 EXI S,105000.0
Tata,Indigo GLS,105000.0
Maruti,Zen Estilo VXI BSIII,103333.33333333333
Chevrolet,Spark 1.0,100923.0
Tata,Sumo LX,100000.0
Maruti,Esteem Vxi - BSIII,100000.0
Maruti,Esteem Vxi,100000.0
Tata,Sumo SE Plus BSIII,100000.0
Ford,Fiesta 1.4 ZXi Leather,100000.0
Hyundai,Santro Xing XK (Non-AC),100000.0
Maruti,Alto LXi BSII,100000.0
Fiat,Punto 1.3 Active,99000.0
Maruti,Omni E 8 Str STD,97500.0
Tata,Indica Vista Aqua 1.2 Safire BSIV,97000.0
Tata,Indigo CS LE (TDI) BS-III,95000.0
Toyota,Corolla H3,95000.0
Maruti,Gypsy E MG410W ST,95000.0
Maruti,800 AC,94347.82608695653
Tata,Nano Lx,93571.42857142857
Maruti,Zen VXi - BS III,93000.0
Maruti,Zen D PS,92500.0
Tata,Nano CX SE,92500.0
Hyundai,Accent GLS 1.6 ABS,90000.0
Tata,Indica V2 2001-2011 DLS BSIII,90000.0
Hyundai,Santro Xing GL PLUS CNG,90000.0
Skoda,Octavia Ambiente 1.9 TDI MT,90000.0
Hyundai,Getz GLX,90000.0
Maruti,Zen Estilo LX BSIV,90000.0
Mahindra,Renault Logan 1.5 DLS,89999.0
Maruti,800 AC BSIII,89000.0
Ford,Fiesta 1.6 ZXi Leather,88000.0
Maruti,Alto Green LXi (CNG),88000.0
Maruti,800 Std BSII,86666.66666666667
Hyundai,Santro Xing XG,86666.66666666667
Tata,Indica GLS BS IV,85666.66666666667
Maruti,800 Std,85041.66666666667
Hyundai,Santro Xing XL AT eRLX Euro III,85000.0
Maruti,Zen VX,85000.0
Maruti,800 DUO AC LPG,85000.0
Tata,Indica Vista Terra Quadrajet 1.3L BS IV,85000.0
Chevrolet,Aveo 1.4,85000.0
Maruti,Alto STD,82333.33333333333
Tata,Indica LSI,82037.0
Hyundai,Santro GS,81538.46153846153
Chevrolet,Aveo U-VA 1.2,80000.0
Ford,Fiesta 1.4 SXi TDCi,80000.0
Tata,Indica LXI,80000.0
Maruti,800 AC Uniq,80000.0
Hyundai,Santro Xing XO,80000.0
Maruti,Esteem Lxi - BSIII,80000.0
Maruti,Omni LPG CARGO BSIII W IMMOBILISER,80000.0
Fiat,Punto 1.2 Active,80000.0
Hyundai,Santro LS zipPlus,80000.0
Maruti,Zen LXI,79142.85714285714
Maruti,Esteem AX,79000.0
Maruti,800 Std MPFi,78000.0
Tata,Nano Twist XT,77500.0
Hyundai,Santro Xing XG eRLX Euro III,77500.0
Maruti,Wagon R VXI BSII,75000.0
Tata,Indica V2 DLS BSII,75000.0
Tata,Nano Cx BSIV,75000.0
Maruti,Zen D,75000.0
Tata,Nano Lx BSIV,74000.0
Maruti,Swift 1.3 LXI,73000.0
Maruti,Zen LX,72636.36363636363
Tata,Indica DLE,72500.0
Hyundai,Getz GLS ABS,71000.0
Maruti,Zen LX - BS III,70000.0
Hyundai,Santro Xing XK,70000.0
Maruti,Alto LXI,68400.0
Maruti,Wagon R LX,67500.0
Tata,Nano LX SE,67333.33333333333
Hyundai,Santro LP zipPlus,66800.0
Hyundai,Santro LE,65000.0
Tata,Nano Lx BSIII,65000.0
Maruti,Omni 5 Str STD,65000.0
Tata,Indica DLS,64500.0
Hyundai,Santro LE zipPlus,63500.0
Maruti,Esteem VX,60000.0
Chevrolet,Optra 1.6 LS,60000.0
Daewoo,Matiz SD,60000.0
Maruti,Zen LXi BSII,60000.0
Hyundai,Accent GLE 1,60000.0
Hyundai,Santro GLS I - Euro I,60000.0
Maruti,800 Std BSIII,60000.0
Maruti,Omni LPG STD BSIV,60000.0
Tata,Nano LX,59000.0
Maruti,Esteem Lxi,58333.333333333336
Ford,Ikon 1.3 Flair,57333.333333333336
Fiat,Palio D 1.9 EL PS,55000.0
Tata,Indica DL,55000.0
Maruti,800 DX,55000.0
Tata,Nano CX,55000.0
Tata,Nano STD,55000.0
Tata,Nano Cx BSIII,53333.333333333336
Tata,Indica DLX,50000.0
Ambassador,Classic 2000 Dsz,50000.0
Maruti,Wagon R VX,50000.0
Maruti,Omni 5 Str STD LPG,50000.0
Maruti,800 AC BSII,48250.0
Maruti,Omni CNG,45000.0
Tata,Nano Std,40000.0
Maruti,800 EX,35000.0
Tata,Nano Std BSII,35000.0
OpelCorsa,1.4 GL,35000.0
Ford,Ikon 1.4 ZXi,22000.0
Ford,Ikon 1.6 ZXI NXt,20000.0
